temperate_rainforest_walk_day	4.750	0.3823	5.48	1126
temperate_rainforest_walk_low	4.945	0.4497	11.61	1089
temperate_rainforest_rise_day	6.462	-0.2541	12.91	4919
temperate_rainforest_rise_low	5.429	-0.0482	7.04	4883
broadleaf_forest_walk_day	8.409	0.4217	5.85	851
broadleaf_forest_walk_low	5.431	0.1622	3.35	813
broadleaf_forest_rise_day	5.897	0.0609	2.37	5072
broadleaf_forest_rise_low	5.097	0.0270	1.90	5104
mixed_forest_walk_low	5.763	-0.4615	11.58	69
mixed_forest_rise_day	4.633	-0.2179	5.94	2333
mixed_forest_rise_low	3.917	-0.1178	3.79	2328
boreal_forest_walk_day	3.555	0.4522	8.06	1242
boreal_forest_walk_low	2.998	0.8863	16.78	1114
boreal_forest_rise_day	3.653	0.1013	3.23	5007
boreal_forest_rise_low	3.173	0.2459	9.57	5065
tundra_rise_day	0.304	-0.0388	4.19	1189
tundra_rise_low	0.507	-0.0426	5.29	1189
temperate_plains_walk_day	7.170	-0.4199	8.78	278
temperate_plains_walk_low	2.185	0.1974	13.14	290
temperate_plains_rise_day	6.338	-0.1191	6.58	1803
temperate_plains_rise_low	4.775	-0.0844	5.82	1783
steppe_rise_day	1.011	-0.0075	5.04	1386
steppe_rise_low	1.537	-0.0247	4.16	1386
savanna_walk_day	3.205	-0.2443	10.64	141
savanna_walk_low	2.146	-0.1171	19.45	141
savanna_rise_day	2.962	-0.0146	3.71	2154
savanna_rise_low	2.237	-0.0584	8.12	2150
tropical_rainforest_walk_day	3.687	-0.1788	2.54	562
tropical_rainforest_walk_low	4.177	-0.1715	10.13	557
tropical_rainforest_rise_day	8.002	0.1188	6.98	4609
tropical_rainforest_rise_low	5.832	0.0959	10.31	4608
hot_desert_walk_day	4.394	0.2244	18.60	445
hot_desert_walk_low	3.724	0.1489	21.63	445
hot_desert_rise_day	3.002	0.0113	1.40	1268
hot_desert_rise_low	2.762	0.0076	1.71	1268
dune_sea_walk_day	3.825	-0.3563	43.66	205
dune_sea_walk_low	4.443	-0.4158	49.72	205
dune_sea_rise_day	0.802	-0.0435	6.14	1284
dune_sea_rise_low	0.888	-0.0705	6.88	1284
alpine_rock_walk_day	4.211	0.2248	3.63	1050
alpine_rock_walk_low	3.321	0.0902	2.62	1050
alpine_rock_rise_day	0.158	0.0064	0.48	1211
alpine_rock_rise_low	0.254	-0.0755	3.10	1211
mediterranean_scrub_rise_day	4.740	0.0703	10.50	1958
mediterranean_scrub_rise_low	2.665	-0.0081	12.61	1961
alpine_meadow_walk_day	21.658	0.4751	37.82	53
alpine_meadow_walk_low	12.265	0.1876	28.06	54
alpine_meadow_rise_day	0.472	0.0286	5.86	1221
alpine_meadow_rise_low	0.523	0.0090	4.77	1225
wetland_walk_day	3.043	0.3471	7.08	113
wetland_walk_low	3.657	0.3224	13.89	117
wetland_rise_day	4.467	0.1154	2.63	4384
wetland_rise_low	4.739	-0.0490	5.82	4415
beach_walk_day	5.629	0.1567	9.11	1032
beach_walk_low	3.141	0.0764	11.81	1033
beach_rise_day	14.551	0.0309	11.22	1892
beach_rise_low	10.599	0.0374	10.84	1886
stream_walk_day	5.079	0.4844	4.90	1041
stream_walk_low	3.218	0.2009	4.33	1055
stream_rise_day	6.343	0.0556	12.49	4060
stream_rise_low	5.416	-0.0303	16.45	4066
